1,56,7000,585,585,7000,585,13.969432938151694,Collection Zone
1,56,7000,585,585,7000,585,13.81231252678189,Collection Zone
1,56,7000,585,585,7000,585,14.25510641336952,Collection Zone
1,56,7000,585,585,7000,585,13.183830881302672,Collection Zone
1,56,7000,585,585,7000,585,13.340951292672475,Collection Zone
2,112,7000,585,292,3500,292.5,13.340951292672475,Collection Zone
2,112,7000,585,292,3500,292.5,13.640908441651192,Collection Zone
2,112,7000,585,292,3500,292.5,13.240965576346236,Collection Zone
2,112,7000,585,292,3500,292.5,12.626767604627911,Collection Zone
2,112,7000,585,292,3500,292.5,13.755177831738324,Collection Zone
3,168,7000,585,195,2333.3333333333335,195,13.983716611912584,Collection Zone
3,168,7000,585,195,2333.3333333333335,195,13.612341094129409,Collection Zone
3,168,7000,585,195,2333.3333333333335,195,14.112269675760606,Collection Zone
3,168,7000,585,195,2333.3333333333335,195,14.412226824739324,Collection Zone
3,168,7000,585,195,2333.3333333333335,195,12.983859448650193,Collection Zone
4,224,7000,585,146,1750,146.25,13.41236966147693,Collection Zone
4,224,7000,585,146,1750,146.25,13.840879874303672,Collection Zone
4,224,7000,585,146,1750,146.25,14.06941865447793,Collection Zone
4,224,7000,585,146,1750,146.25,13.269532923868018,Collection Zone
4,224,7000,585,146,1750,146.25,12.998143122411085,Collection Zone
5,280,7000,585,117,1400,117,12.912441079845735,Collection Zone
5,280,7000,585,117,1400,117,13.626624767890302,Collection Zone
5,280,7000,585,117,1400,117,13.51235537780317,Collection Zone
5,280,7000,585,117,1400,117,14.012283959434365,Collection Zone
5,280,7000,585,117,1400,117,14.312241108413085,Collection Zone
6,336,7000,585,97,1166.6666666666667,97.5,13.955149264390801,Collection Zone
6,336,7000,585,97,1166.6666666666667,97.5,14.412226824739324,Collection Zone
6,336,7000,585,97,1166.6666666666667,97.5,13.326667618911584,Collection Zone
6,336,7000,585,97,1166.6666666666667,97.5,13.212398228824455,Collection Zone
6,336,7000,585,97,1166.6666666666667,97.5,14.82645336380517,Collection Zone
7,392,7000,585,83,1000,83.57142857142857,14.112269675760606,Collection Zone
7,392,7000,585,83,1000,83.57142857142857,13.71232681045565,Collection Zone
7,392,7000,585,83,1000,83.57142857142857,13.440937008998716,Collection Zone
7,392,7000,585,83,1000,83.57142857142857,13.326667618911584,Collection Zone
7,392,7000,585,83,1000,83.57142857142857,13.869447221825453,Collection Zone
8,448,7000,585,73,875,73.125,14.197971718325952,Collection Zone
8,448,7000,585,73,875,73.125,13.740894157977431,Collection Zone
8,448,7000,585,73,875,73.125,12.526781888301672,Collection Zone
8,448,7000,585,73,875,73.125,14.626481931152693,Collection Zone
8,448,7000,585,73,875,73.125,13.740894157977431,Collection Zone
9,504,7000,585,65,777.7777777777778,65,13.555206399085845,Collection Zone
9,504,7000,585,65,777.7777777777778,65,14.326524782173975,Collection Zone
9,504,7000,585,65,777.7777777777778,65,14.455077846021997,Collection Zone
9,504,7000,585,65,777.7777777777778,65,13.240965576346236,Collection Zone
9,504,7000,585,65,777.7777777777778,65,13.983716611912584,Collection Zone
10,560,7000,585,58,700,58.5,13.05527781745465,Collection Zone
10,560,7000,585,58,700,58.5,13.82659620054278,Collection Zone
10,560,7000,585,58,700,58.5,12.526781888301672,Collection Zone
10,560,7000,585,58,700,58.5,14.197971718325952,Collection Zone
10,560,7000,585,58,700,58.5,12.855306384802171,Collection Zone
1,56,14000,1170,1170,14000,1170,14.348975073209056,Collection Zone
1,56,14000,1170,1170,14000,1170,13.991857724448254,Collection Zone
1,56,14000,1170,1170,14000,1170,14.713234768945075,Collection Zone
1,56,14000,1170,1170,14000,1170,14.541818441539888,Collection Zone
1,56,14000,1170,1170,14000,1170,14.49182201271338,Collection Zone
2,112,14000,1170,585,7000,585,13.770444968216555,Collection Zone
2,112,14000,1170,585,7000,585,14.120419970002143,Collection Zone
2,112,14000,1170,585,7000,585,14.17755874580387,Collection Zone
2,112,14000,1170,585,7000,585,13.877580172844798,Collection Zone
2,112,14000,1170,585,7000,585,14.241839868580817,Collection Zone
3,168,14000,1170,390,4666.666666666667,390,14.027569459324335,Collection Zone
3,168,14000,1170,390,4666.666666666667,390,13.734733233340476,Collection Zone
3,168,14000,1170,390,4666.666666666667,390,13.749017927290907,Collection Zone
3,168,14000,1170,390,4666.666666666667,390,14.570387829440753,Collection Zone
3,168,14000,1170,390,4666.666666666667,390,13.23476894507535,Collection Zone
4,224,14000,1170,292,3500,292.5,13.741875580315691,Collection Zone
4,224,14000,1170,292,3500,292.5,14.198985786729521,Collection Zone
4,224,14000,1170,292,3500,292.5,13.72759088636526,Collection Zone
4,224,14000,1170,292,3500,292.5,14.827512320548534,Collection Zone
4,224,14000,1170,292,3500,292.5,13.470466395257482,Collection Zone
5,280,14000,1170,234,2800,234,13.891864866795228,Collection Zone
5,280,14000,1170,234,2800,234,14.063281194200414,Collection Zone
5,280,14000,1170,234,2800,234,13.784729662166988,Collection Zone
5,280,14000,1170,234,2800,234,14.334690379258625,Collection Zone
5,280,14000,1170,234,2800,234,14.427540889936433,Collection Zone
6,336,14000,1170,195,2333.3333333333335,195,13.399042925505322,Collection Zone
6,336,14000,1170,195,2333.3333333333335,195,14.227555174630382,Collection Zone
6,336,14000,1170,195,2333.3333333333335,195,13.934718948646523,Collection Zone
6,336,14000,1170,195,2333.3333333333335,195,14.091850582101278,Collection Zone
6,336,14000,1170,195,2333.3333333333335,195,14.127562316977361,Collection Zone
7,392,14000,1170,167,2000,167.14285714285714,13.156203128347975,Collection Zone
7,392,14000,1170,167,2000,167.14285714285714,14.006142418398687,Collection Zone
7,392,14000,1170,167,2000,167.14285714285714,13.92757660167131,Collection Zone
7,392,14000,1170,167,2000,167.14285714285714,13.377615884579672,Collection Zone
7,392,14000,1170,167,2000,167.14285714285714,13.749017927290907,Collection Zone
8,448,14000,1170,146,1750,146.25,13.570459252910505,Collection Zone
8,448,14000,1170,146,1750,146.25,13.463324048282265,Collection Zone
8,448,14000,1170,146,1750,146.25,14.156131704878222,Collection Zone
8,448,14000,1170,146,1750,146.25,13.549032211984857,Collection Zone
8,448,14000,1170,146,1750,146.25,13.920434254696094,Collection Zone
9,504,14000,1170,130,1555.5555555555557,130,13.199057210199271,Collection Zone
9,504,14000,1170,130,1555.5555555555557,130,13.013356188843654,Collection Zone
9,504,14000,1170,130,1555.5555555555557,130,14.020427112349118,Collection Zone
9,504,14000,1170,130,1555.5555555555557,130,13.027640882794087,Collection Zone
9,504,14000,1170,130,1555.5555555555557,130,14.020427112349118,Collection Zone
10,560,14000,1170,117,1400,117,13.563316905935292,Collection Zone
10,560,14000,1170,117,1400,117,13.691879151489179,Collection Zone
10,560,14000,1170,117,1400,117,13.449039354331832,Collection Zone
10,560,14000,1170,117,1400,117,13.85615313191915,Collection Zone
10,560,14000,1170,117,1400,117,14.17755874580387,Collection Zone
1,56,21000,1755,1755,21000,1755,14.046950145231179,Collection Zone
1,56,21000,1755,1755,21000,1755,13.504118851483263,Collection Zone
1,56,21000,1755,1755,21000,1755,14.156468739583831,Collection Zone
1,56,21000,1755,1755,21000,1755,13.966001618970525,Collection Zone
1,56,21000,1755,1755,21000,1755,13.999333365077854,Collection Zone
2,112,21000,1755,877,10500,877.5,13.961239940955192,Collection Zone
2,112,21000,1755,877,10500,877.5,14.004095043093187,Collection Zone
2,112,21000,1755,877,10500,877.5,14.308842436074473,Collection Zone
2,112,21000,1755,877,10500,877.5,13.870768058663874,Collection Zone
2,112,21000,1755,877,10500,877.5,13.356506833007952,Collection Zone
3,168,21000,1755,585,7000,585,13.537450597590592,Collection Zone
3,168,21000,1755,585,7000,585,13.4803104614066,Collection Zone
3,168,21000,1755,585,7000,585,13.55173563163659,Collection Zone
3,168,21000,1755,585,7000,585,13.342221798961953,Collection Zone
3,168,21000,1755,585,7000,585,13.942193228893862,Collection Zone
4,224,21000,1755,438,5250,438.75,13.870768058663874,Collection Zone
4,224,21000,1755,438,5250,438.75,13.456502071329938,Collection Zone
4,224,21000,1755,438,5250,438.75,14.527879624779771,Collection Zone
4,224,21000,1755,438,5250,438.75,14.218370553783153,Collection Zone
4,224,21000,1755,438,5250,438.75,13.408885291176611,Collection Zone
5,280,21000,1755,351,4200,351,14.5612113708871,Collection Zone
5,280,21000,1755,351,4200,351,13.842197990571877,Collection Zone
5,280,21000,1755,351,4200,351,13.532688919575259,Collection Zone
5,280,21000,1755,351,4200,351,13.523165563544593,Collection Zone
5,280,21000,1755,351,4200,351,13.804104566449215,Collection Zone
6,336,21000,1755,292,3500,292.5,13.394600257130612,Collection Zone
6,336,21000,1755,292,3500,292.5,14.046950145231179,Collection Zone
6,336,21000,1755,292,3500,292.5,13.856483024617875,Collection Zone
6,336,21000,1755,292,3500,292.5,13.523165563544593,Collection Zone
6,336,21000,1755,292,3500,292.5,14.046950145231179,Collection Zone
7,392,21000,1755,250,3000,250.71428571428572,14.589781438979097,Collection Zone
7,392,21000,1755,250,3000,250.71428571428572,14.885005475929718,Collection Zone
7,392,21000,1755,250,3000,250.71428571428572,13.746964430265226,Collection Zone
7,392,21000,1755,250,3000,250.71428571428572,13.856483024617875,Collection Zone
7,392,21000,1755,250,3000,250.71428571428572,13.62792247988191,Collection Zone
8,448,21000,1755,219,2625,219.375,13.542212275605925,Collection Zone
8,448,21000,1755,219,2625,219.375,14.104090281415171,Collection Zone
8,448,21000,1755,219,2625,219.375,13.670777582019905,Collection Zone
8,448,21000,1755,219,2625,219.375,13.942193228893862,Collection Zone
8,448,21000,1755,219,2625,219.375,13.704109328127231,Collection Zone
9,504,21000,1755,195,2333.3333333333335,195,13.927908194847866,Collection Zone
9,504,21000,1755,195,2333.3333333333335,195,13.127946288271989,Collection Zone
9,504,21000,1755,195,2333.3333333333335,195,13.342221798961953,Collection Zone
9,504,21000,1755,195,2333.3333333333335,195,13.413646969191943,Collection Zone
9,504,21000,1755,195,2333.3333333333335,195,13.9040998047712,Collection Zone
10,560,21000,1755,175,2100,175.5,13.451740393314605,Collection Zone
10,560,21000,1755,175,2100,175.5,14.694538355316414,Collection Zone
10,560,21000,1755,175,2100,175.5,13.746964430265226,Collection Zone
10,560,21000,1755,175,2100,175.5,13.946954906909195,Collection Zone
10,560,21000,1755,175,2100,175.5,13.985048331031855,Collection Zone
1,56,28000,2340,2340,28000,2340,13.76022284918396,Collection Zone
1,56,28000,2340,2340,28000,2340,13.445948358987177,Collection Zone
1,56,28000,2340,2340,28000,2340,13.485232670261777,Collection Zone
1,56,28000,2340,2340,28000,2340,13.988786114781615,Collection Zone
1,56,28000,2340,2340,28000,2340,13.831648869683224,Collection Zone
2,112,28000,2340,1170,14000,1170,14.281632798828614,Collection Zone
2,112,28000,2340,1170,14000,1170,13.85664797685797,Collection Zone
2,112,28000,2340,1170,14000,1170,13.592371701010677,Collection Zone
2,112,28000,2340,1170,14000,1170,14.706617620799257,Collection Zone
2,112,28000,2340,1170,14000,1170,14.3709153244527,Collection Zone
3,168,28000,2340,780,9333.333333333334,780,13.585229098960752,Collection Zone
3,168,28000,2340,780,9333.333333333334,780,14.053069533230955,Collection Zone
3,168,28000,2340,780,9333.333333333334,780,13.803078461483517,Collection Zone
3,168,28000,2340,780,9333.333333333334,780,13.953073104531983,Collection Zone
3,168,28000,2340,780,9333.333333333334,780,14.453055248026855,Collection Zone
4,224,28000,2340,585,7000,585,13.892360987107603,Collection Zone
4,224,28000,2340,585,7000,585,14.131638155780152,Collection Zone
4,224,28000,2340,585,7000,585,13.513803078461484,Collection Zone
4,224,28000,2340,585,7000,585,13.610228206135494,Collection Zone
4,224,28000,2340,585,7000,585,13.981643512731686,Collection Zone
5,280,28000,2340,468,5600,468,13.68879682868469,Collection Zone
5,280,28000,2340,468,5600,468,13.881647084032714,Collection Zone
5,280,28000,2340,468,5600,468,13.449519660012143,Collection Zone
5,280,28000,2340,468,5600,468,14.774472340273562,Collection Zone
5,280,28000,2340,468,5600,468,13.899503589157531,Collection Zone
6,336,28000,2340,390,4666.666666666667,390,14.053069533230955,Collection Zone
6,336,28000,2340,390,4666.666666666667,390,14.081639941430662,Collection Zone
6,336,28000,2340,390,4666.666666666667,390,13.528088282561338,Collection Zone
6,336,28000,2340,390,4666.666666666667,390,13.781650655333738,Collection Zone
6,336,28000,2340,390,4666.666666666667,390,13.799507160458555,Collection Zone
7,392,28000,2340,334,4000,334.2857142857143,13.770936752258848,Collection Zone
7,392,28000,2340,334,4000,334.2857142857143,13.717367236884398,Collection Zone
7,392,28000,2340,334,4000,334.2857142857143,14.117352951680298,Collection Zone
7,392,28000,2340,334,4000,334.2857142857143,14.2244919824292,Collection Zone
7,392,28000,2340,334,4000,334.2857142857143,14.5173386664762,Collection Zone
8,448,28000,2340,292,3500,292.5,14.328059712153138,Collection Zone
8,448,28000,2340,292,3500,292.5,13.85664797685797,Collection Zone
8,448,28000,2340,292,3500,292.5,13.724509838934324,Collection Zone
8,448,28000,2340,292,3500,292.5,13.56380129281097,Collection Zone
8,448,28000,2340,292,3500,292.5,13.495946573336667,Collection Zone
9,504,28000,2340,260,3111.1111111111113,260,13.574515195885862,Collection Zone
9,504,28000,2340,260,3111.1111111111113,260,13.617370808185422,Collection Zone
9,504,28000,2340,260,3111.1111111111113,260,14.738759330023928,Collection Zone
9,504,28000,2340,260,3111.1111111111113,260,13.92093139530731,Collection Zone
9,504,28000,2340,260,3111.1111111111113,260,13.906646191207455,Collection Zone
10,560,28000,2340,234,2800,234,14.649476804399844,Collection Zone
10,560,28000,2340,234,2800,234,13.542373486661191,Collection Zone
10,560,28000,2340,234,2800,234,14.11021034963037,Collection Zone
10,560,28000,2340,234,2800,234,13.795935859433591,Collection Zone
10,560,28000,2340,234,2800,234,13.924502696332276,Collection Zone
1,56,35000,2926,2926,35000,2926,13.756749807148367,Collection Zone
1,56,35000,2926,2926,35000,2926,13.711036827519212,Collection Zone
1,56,35000,2926,2926,35000,2926,13.913888174623581,Collection Zone
1,56,35000,2926,2926,35000,2926,13.742464501014256,Collection Zone
1,56,35000,2926,2926,35000,2926,13.688180337704637,Collection Zone
2,112,35000,2926,1463,17500,1463,13.679609154024172,Collection Zone
2,112,35000,2926,1463,17500,1463,13.496757235507555,Collection Zone
2,112,35000,2926,1463,17500,1463,13.968172337933202,Collection Zone
2,112,35000,2926,1463,17500,1463,13.502471357961202,Collection Zone
2,112,35000,2926,1463,17500,1463,13.822462215365276,Collection Zone
3,168,35000,2926,975,11666.666666666666,975.3333333333334,14.393874460729695,Collection Zone
3,168,35000,2926,975,11666.666666666666,975.3333333333334,13.765320990828833,Collection Zone
3,168,35000,2926,975,11666.666666666666,975.3333333333334,13.70532270506557,Collection Zone
3,168,35000,2926,975,11666.666666666666,975.3333333333334,14.03102768492329,Collection Zone
3,168,35000,2926,975,11666.666666666666,975.3333333333334,14.296734379017742,Collection Zone
4,224,35000,2926,731,8750,731.5,13.999600011428246,Collection Zone
4,224,35000,2926,731,8750,731.5,14.051027113511042,Collection Zone
4,224,35000,2926,731,8750,731.5,13.856746950087139,Collection Zone
4,224,35000,2926,731,8750,731.5,13.899602868489472,Collection Zone
4,224,35000,2926,731,8750,731.5,13.588183194765863,Collection Zone
5,280,35000,2926,585,7000,585.2,13.433901888517472,Collection Zone
5,280,35000,2926,585,7000,585.2,13.762463929602012,Collection Zone
5,280,35000,2926,585,7000,585.2,13.285334704722723,Collection Zone
5,280,35000,2926,585,7000,585.2,13.885317562355363,Collection Zone
5,280,35000,2926,585,7000,585.2,13.608182623353619,Collection Zone
6,336,35000,2926,487,5833.333333333333,487.6666666666667,13.40533127624925,Collection Zone
6,336,35000,2926,487,5833.333333333333,487.6666666666667,13.699608582611924,Collection Zone
6,336,35000,2926,487,5833.333333333333,487.6666666666667,13.676752092797347,Collection Zone
6,336,35000,2926,487,5833.333333333333,487.6666666666667,13.648181480529129,Collection Zone
6,336,35000,2926,487,5833.333333333333,487.6666666666667,13.97960058284049,Collection Zone
7,392,35000,2926,418,5000,418,13.451044255878402,Collection Zone
7,392,35000,2926,418,5000,418,14.205308419759435,Collection Zone
7,392,35000,2926,418,5000,418,13.748178623467902,Collection Zone
7,392,35000,2926,418,5000,418,13.89674580726265,Collection Zone
7,392,35000,2926,418,5000,418,13.888174623582184,Collection Zone
8,448,35000,2926,365,4375,365.75,12.953915602411358,Collection Zone
8,448,35000,2926,365,4375,365.75,13.97960058284049,Collection Zone
8,448,35000,2926,365,4375,365.75,13.78817748064341,Collection Zone
8,448,35000,2926,365,4375,365.75,13.82817633781892,Collection Zone
8,448,35000,2926,365,4375,365.75,13.608182623353619,Collection Zone
9,504,35000,2926,325,3888.8888888888887,325.1111111111111,13.605325562126797,Collection Zone
9,504,35000,2926,325,3888.8888888888887,325.1111111111111,13.693894460158281,Collection Zone
9,504,35000,2926,325,3888.8888888888887,325.1111111111111,13.456758378332049,Collection Zone
9,504,35000,2926,325,3888.8888888888887,325.1111111111111,13.248192908774033,Collection Zone
9,504,35000,2926,325,3888.8888888888887,325.1111111111111,14.44530156281249,Collection Zone
10,560,35000,2926,292,3500,292.6,14.108168338047482,Collection Zone
10,560,35000,2926,292,3500,292.6,13.26819233736179,Collection Zone
10,560,35000,2926,292,3500,292.6,13.991028827747778,Collection Zone
10,560,35000,2926,292,3500,292.6,13.659609725436416,Collection Zone
10,560,35000,2926,292,3500,292.6,13.865318133767607,Collection Zone
1,56,42000,3511,3511,42000,3511,13.635389633580154,Collection Zone
1,56,42000,3511,3511,42000,3511,14.487750291659724,Collection Zone
1,56,42000,3511,3511,42000,3511,13.830623080402848,Collection Zone
1,56,42000,3511,3511,42000,3511,14.018713840146663,Collection Zone
1,56,42000,3511,3511,42000,3511,13.783005166543655,Collection Zone
2,112,42000,3511,1755,21000,1755.5,14.04728458846218,Collection Zone
2,112,42000,3511,1755,21000,1755.5,13.780624270850694,Collection Zone
2,112,42000,3511,1755,21000,1755.5,13.523487536011046,Collection Zone
2,112,42000,3511,1755,21000,1755.5,14.111568772172092,Collection Zone
2,112,42000,3511,1755,21000,1755.5,13.406823647056024,Collection Zone
3,168,42000,3511,1170,14000,1170.3333333333333,13.899669055498679,Collection Zone
3,168,42000,3511,1170,14000,1170.3333333333333,13.906811742577558,Collection Zone
3,168,42000,3511,1170,14000,1170.3333333333333,13.604437989571677,Collection Zone
3,168,42000,3511,1170,14000,1170.3333333333333,13.41634722982786,Collection Zone
3,168,42000,3511,1170,14000,1170.3333333333333,13.628246946501275,Collection Zone
4,224,42000,3511,877,10500,877.75,13.161591390681174,Collection Zone
4,224,42000,3511,877,10500,877.75,13.628246946501275,Collection Zone
4,224,42000,3511,877,10500,877.75,12.956834361086642,Collection Zone
4,224,42000,3511,877,10500,877.75,14.063950858312898,Collection Zone
4,224,42000,3511,877,10500,877.75,13.875860098569081,Collection Zone
5,280,42000,3511,702,8400,702.2,14.25918430513559,Collection Zone
5,280,42000,3511,702,8400,702.2,13.849670245946525,Collection Zone
5,280,42000,3511,702,8400,702.2,13.987762196138187,Collection Zone
5,280,42000,3511,702,8400,702.2,13.818718601938048,Collection Zone
5,280,42000,3511,702,8400,702.2,13.283017071022119,Collection Zone
6,336,42000,3511,585,7000,585.1666666666666,13.923478012428275,Collection Zone
6,336,42000,3511,585,7000,585.1666666666666,13.904430846884598,Collection Zone
6,336,42000,3511,585,7000,585.1666666666666,13.385395585819385,Collection Zone
6,336,42000,3511,585,7000,585.1666666666666,14.061569962619938,Collection Zone
6,336,42000,3511,585,7000,585.1666666666666,13.866336515797242,Collection Zone
7,392,42000,3511,501,6000,501.57142857142856,14.194900121425679,Collection Zone
7,392,42000,3511,501,6000,501.57142857142856,13.440156186757457,Collection Zone
7,392,42000,3511,501,6000,501.57142857142856,13.678245756053428,Collection Zone
7,392,42000,3511,501,6000,501.57142857142856,14.211566391276397,Collection Zone
7,392,42000,3511,501,6000,501.57142857142856,13.256827218399561,Collection Zone
8,448,42000,3511,438,5250,438.875,13.006833170638792,Collection Zone
8,448,42000,3511,438,5250,438.875,13.806814123473252,Collection Zone
8,448,42000,3511,438,5250,438.875,13.725863669912622,Collection Zone
8,448,42000,3511,438,5250,438.875,14.20680459989048,Collection Zone
8,448,42000,3511,438,5250,438.875,13.859193828718364,Collection Zone
9,504,42000,3511,390,4666.666666666667,390.1111111111111,13.65205590343087,Collection Zone
9,504,42000,3511,390,4666.666666666667,390.1111111111111,13.852051141639485,Collection Zone
9,504,42000,3511,390,4666.666666666667,390.1111111111111,13.868717411490202,Collection Zone
9,504,42000,3511,390,4666.666666666667,390.1111111111111,13.809195019166209,Collection Zone
9,504,42000,3511,390,4666.666666666667,390.1111111111111,13.566343658484323,Collection Zone
10,560,42000,3511,351,4200,351.1,13.871098307183164,Collection Zone
10,560,42000,3511,351,4200,351.1,13.668722173281589,Collection Zone
10,560,42000,3511,351,4200,351.1,13.759196209614059,Collection Zone
10,560,42000,3511,351,4200,351.1,13.987762196138187,Collection Zone
10,560,42000,3511,351,4200,351.1,13.859193828718364,Collection Zone
1,56,70000,5852,5852,70000,5852,13.732660961986257,Collection Zone
1,56,70000,5852,5852,70000,5852,13.585520206854188,Collection Zone
1,56,70000,5852,5852,70000,5852,13.995514349795002,Collection Zone
1,56,70000,5852,5852,70000,5852,13.752660676276054,Collection Zone
1,56,70000,5852,5852,70000,5852,13.856944900787132,Collection Zone
2,112,70000,5852,2926,35000,2926,13.734089513006955,Collection Zone
2,112,70000,5852,2926,35000,2926,13.736946615048357,Collection Zone
2,112,70000,5852,2926,35000,2926,14.124083941657975,Collection Zone
2,112,70000,5852,2926,35000,2926,13.545520778274597,Collection Zone
2,112,70000,5852,2926,35000,2926,13.951229268153313,Collection Zone
3,168,70000,5852,1950,23333.333333333332,1950.6666666666667,13.516949757860603,Collection Zone
3,168,70000,5852,1950,23333.333333333332,1950.6666666666667,13.922658247739317,Collection Zone
3,168,70000,5852,1950,23333.333333333332,1950.6666666666667,13.926943900801417,Collection Zone
3,168,70000,5852,1950,23333.333333333332,1950.6666666666667,13.611234125226781,Collection Zone
3,168,70000,5852,1950,23333.333333333332,1950.6666666666667,14.078370308995586,Collection Zone
4,224,70000,5852,1463,17500,1463,13.744089370151855,Collection Zone
4,224,70000,5852,1463,17500,1463,13.844087941600836,Collection Zone
1,56,7000,585,585,7000,585,13.755177831738324,Collection Zone
1,56,7000,585,585,7000,585,14.455077846021997,Collection Zone
1,56,7000,585,585,7000,585,13.112412512498214,Collection Zone
1,56,7000,585,585,7000,585,13.983716611912584,Collection Zone
1,56,7000,585,585,7000,585,14.72646764747893,Collection Zone
1,56,7000,585,585,7000,585,13.269532923868018,Collection Zone
1,56,7000,585,585,7000,585,14.05513498071704,Collection Zone
1,56,7000,585,585,7000,585,15.354949292958148,Collection Zone
1,56,7000,585,585,7000,585,13.883730895586343,Collection Zone
1,56,7000,585,585,7000,585,14.040851306956148,Collection Zone
1,56,7000,585,585,7000,585,15.069275817740325,Collection Zone
1,56,7000,585,585,7000,585,13.626624767890302,Collection Zone
1,56,7000,585,585,7000,585,13.455220682759606,Collection Zone
1,56,7000,585,585,7000,585,13.426653335237823,Collection Zone
1,56,7000,585,585,7000,585,13.326667618911584,Collection Zone
2,112,7000,585,292,3500,292.5,13.669475789172974,Collection Zone
2,112,7000,585,292,3500,292.5,13.983716611912584,Collection Zone
2,112,7000,585,292,3500,292.5,12.898157406084845,Collection Zone
2,112,7000,585,292,3500,292.5,13.426653335237823,Collection Zone
2,112,7000,585,292,3500,292.5,13.81231252678189,Collection Zone
2,112,7000,585,292,3500,292.5,15.240679902871019,Collection Zone
2,112,7000,585,292,3500,292.5,12.855306384802171,Collection Zone
2,112,7000,585,292,3500,292.5,14.56934723610913,Collection Zone
2,112,7000,585,292,3500,292.5,13.126696186259107,Collection Zone
2,112,7000,585,292,3500,292.5,14.555063562348236,Collection Zone
2,112,7000,585,292,3500,292.5,13.869447221825453,Collection Zone
2,112,7000,585,292,3500,292.5,15.48350235680617,Collection Zone
2,112,7000,585,292,3500,292.5,14.48364519354378,Collection Zone
2,112,7000,585,292,3500,292.5,13.269532923868018,Collection Zone
2,112,7000,585,292,3500,292.5,13.312383945150694,Collection Zone
3,168,7000,585,195,2333.3333333333335,195,13.72661048421654,Collection Zone
3,168,7000,585,195,2333.3333333333335,195,12.812455363519499,Collection Zone
3,168,7000,585,195,2333.3333333333335,195,14.369375803456649,Collection Zone
3,168,7000,585,195,2333.3333333333335,195,12.75532066847593,Collection Zone
3,168,7000,585,195,2333.3333333333335,195,13.626624767890302,Collection Zone
3,168,7000,585,195,2333.3333333333335,195,13.51235537780317,Collection Zone
3,168,7000,585,195,2333.3333333333335,195,13.855163548064562,Collection Zone
3,168,7000,585,195,2333.3333333333335,195,13.05527781745465,Collection Zone
3,168,7000,585,195,2333.3333333333335,195,13.240965576346236,Collection Zone
3,168,7000,585,195,2333.3333333333335,195,13.59805742036852,Collection Zone
3,168,7000,585,195,2333.3333333333335,195,14.48364519354378,Collection Zone
3,168,7000,585,195,2333.3333333333335,195,13.126696186259107,Collection Zone
3,168,7000,585,195,2333.3333333333335,195,13.940865590629912,Collection Zone
3,168,7000,585,195,2333.3333333333335,195,13.883730895586343,Collection Zone
3,168,7000,585,195,2333.3333333333335,195,14.05513498071704,Collection Zone
4,224,7000,585,146,1750,146.25,14.140837023282387,Collection Zone
4,224,7000,585,146,1750,146.25,14.083702328238823,Collection Zone
4,224,7000,585,146,1750,146.25,12.583916583345237,Collection Zone
4,224,7000,585,146,1750,146.25,13.855163548064562,Collection Zone
4,224,7000,585,146,1750,146.25,12.112555349235823,Collection Zone
4,224,7000,585,146,1750,146.25,12.998143122411085,Collection Zone
4,224,7000,585,146,1750,146.25,13.49807170404228,Collection Zone
4,224,7000,585,146,1750,146.25,13.569490072846735,Collection Zone
4,224,7000,585,146,1750,146.25,12.455363519497215,Collection Zone
4,224,7000,585,146,1750,146.25,12.95529210112841,Collection Zone
4,224,7000,585,146,1750,146.25,13.369518640194258,Collection Zone
4,224,7000,585,146,1750,146.25,13.026710469932867,Collection Zone
4,224,7000,585,146,1750,146.25,13.455220682759606,Collection Zone
4,224,7000,585,146,1750,146.25,13.898014569347236,Collection Zone
4,224,7000,585,146,1750,146.25,14.197971718325952,Collection Zone
5,280,7000,585,117,1400,117,13.869447221825453,Collection Zone
5,280,7000,585,117,1400,117,13.240965576346236,Collection Zone
5,280,7000,585,117,1400,117,13.81231252678189,Collection Zone
5,280,7000,585,117,1400,117,14.05513498071704,Collection Zone
5,280,7000,585,117,1400,117,14.326524782173975,Collection Zone
5,280,7000,585,117,1400,117,14.126553349521497,Collection Zone
5,280,7000,585,117,1400,117,13.555206399085845,Collection Zone
5,280,7000,585,117,1400,117,12.512498214540779,Collection Zone
5,280,7000,585,117,1400,117,13.212398228824455,Collection Zone
5,280,7000,585,117,1400,117,12.926724753606628,Collection Zone
5,280,7000,585,117,1400,117,14.440794172261107,Collection Zone
5,280,7000,585,117,1400,117,13.112412512498214,Collection Zone
5,280,7000,585,117,1400,117,13.483788030281389,Collection Zone
5,280,7000,585,117,1400,117,12.783888015997716,Collection Zone
5,280,7000,585,117,1400,117,13.198114555063562,Collection Zone
6,336,7000,585,97,1166.6666666666667,97.5,13.526639051564063,Collection Zone
6,336,7000,585,97,1166.6666666666667,97.5,14.369375803456649,Collection Zone
6,336,7000,585,97,1166.6666666666667,97.5,13.626624767890302,Collection Zone
6,336,7000,585,97,1166.6666666666667,97.5,14.783602342522498,Collection Zone
6,336,7000,585,97,1166.6666666666667,97.5,13.683759462933867,Collection Zone
6,336,7000,585,97,1166.6666666666667,97.5,13.283816597628912,Collection Zone
6,336,7000,585,97,1166.6666666666667,97.5,14.126553349521497,Collection Zone
6,336,7000,585,97,1166.6666666666667,97.5,12.483930867018996,Collection Zone
6,336,7000,585,97,1166.6666666666667,97.5,13.455220682759606,Collection Zone
6,336,7000,585,97,1166.6666666666667,97.5,13.083845164976433,Collection Zone
6,336,7000,585,97,1166.6666666666667,97.5,13.855163548064562,Collection Zone
6,336,7000,585,97,1166.6666666666667,97.5,14.283673760891302,Collection Zone
6,336,7000,585,97,1166.6666666666667,97.5,14.240822739608628,Collection Zone
6,336,7000,585,97,1166.6666666666667,97.5,12.612483930867018,Collection Zone
6,336,7000,585,97,1166.6666666666667,97.5,13.71232681045565,Collection Zone
7,392,7000,585,83,1000,83.57142857142857,12.412512498214541,Collection Zone
7,392,7000,585,83,1000,83.57142857142857,15.454935009284387,Collection Zone
7,392,7000,585,83,1000,83.57142857142857,14.15512069704328,Collection Zone
7,392,7000,585,83,1000,83.57142857142857,13.912298243108129,Collection Zone
7,392,7000,585,83,1000,83.57142857142857,12.941008427367521,Collection Zone
7,392,7000,585,83,1000,83.57142857142857,12.369661476931867,Collection Zone
7,392,7000,585,83,1000,83.57142857142857,13.669475789172974,Collection Zone
7,392,7000,585,83,1000,83.57142857142857,13.026710469932867,Collection Zone
7,392,7000,585,83,1000,83.57142857142857,13.898014569347236,Collection Zone
7,392,7000,585,83,1000,83.57142857142857,14.226539065847735,Collection Zone
7,392,7000,585,83,1000,83.57142857142857,13.569490072846735,Collection Zone
7,392,7000,585,83,1000,83.57142857142857,12.655334952149694,Collection Zone
7,392,7000,585,83,1000,83.57142857142857,14.312241108413085,Collection Zone
7,392,7000,585,83,1000,83.57142857142857,13.526639051564063,Collection Zone
7,392,7000,585,83,1000,83.57142857142857,13.969432938151694,Collection Zone
8,448,7000,585,73,875,73.125,14.355092129695757,Collection Zone
8,448,7000,585,73,875,73.125,13.855163548064562,Collection Zone
8,448,7000,585,73,875,73.125,14.040851306956148,Collection Zone
8,448,7000,585,73,875,73.125,13.49807170404228,Collection Zone
8,448,7000,585,73,875,73.125,14.369375803456649,Collection Zone
8,448,7000,585,73,875,73.125,14.740751321239824,Collection Zone
8,448,7000,585,73,875,73.125,13.526639051564063,Collection Zone
8,448,7000,585,73,875,73.125,13.455220682759606,Collection Zone
8,448,7000,585,73,875,73.125,12.726753320954149,Collection Zone
8,448,7000,585,73,875,73.125,14.212255392086846,Collection Zone
8,448,7000,585,73,875,73.125,13.612341094129409,Collection Zone
8,448,7000,585,73,875,73.125,13.71232681045565,Collection Zone
8,448,7000,585,73,875,73.125,13.72661048421654,Collection Zone
8,448,7000,585,73,875,73.125,13.683759462933867,Collection Zone
8,448,7000,585,73,875,73.125,14.355092129695757,Collection Zone
9,504,7000,585,65,777.7777777777778,65,13.883730895586343,Collection Zone
9,504,7000,585,65,777.7777777777778,65,12.283959434366519,Collection Zone
9,504,7000,585,65,777.7777777777778,65,12.95529210112841,Collection Zone
9,504,7000,585,65,777.7777777777778,65,13.840879874303672,Collection Zone
9,504,7000,585,65,777.7777777777778,65,14.91215540637052,Collection Zone
9,504,7000,585,65,777.7777777777778,65,13.81231252678189,Collection Zone
9,504,7000,585,65,777.7777777777778,65,13.740894157977431,Collection Zone
9,504,7000,585,65,777.7777777777778,65,12.626767604627911,Collection Zone
9,504,7000,585,65,777.7777777777778,65,13.869447221825453,Collection Zone
9,504,7000,585,65,777.7777777777778,65,13.383802313955147,Collection Zone
9,504,7000,585,65,777.7777777777778,65,13.526639051564063,Collection Zone
9,504,7000,585,65,777.7777777777778,65,13.112412512498214,Collection Zone
9,504,7000,585,65,777.7777777777778,65,13.012426796171974,Collection Zone
9,504,7000,585,65,777.7777777777778,65,12.826739037280388,Collection Zone
9,504,7000,585,65,777.7777777777778,65,15.56920439937152,Collection Zone
10,560,7000,585,58,700,58.5,13.140979860019996,Collection Zone
10,560,7000,585,58,700,58.5,13.912298243108129,Collection Zone
10,560,7000,585,58,700,58.5,12.855306384802171,Collection Zone
10,560,7000,585,58,700,58.5,13.540922725324952,Collection Zone
10,560,7000,585,58,700,58.5,13.040994143693757,Collection Zone
10,560,7000,585,58,700,58.5,13.955149264390801,Collection Zone
10,560,7000,585,58,700,58.5,12.855306384802171,Collection Zone
10,560,7000,585,58,700,58.5,12.455363519497215,Collection Zone
10,560,7000,585,58,700,58.5,14.026567633195258,Collection Zone
10,560,7000,585,58,700,58.5,13.81231252678189,Collection Zone
10,560,7000,585,58,700,58.5,12.998143122411085,Collection Zone
10,560,7000,585,58,700,58.5,14.183688044565063,Collection Zone
10,560,7000,585,58,700,58.5,13.72661048421654,Collection Zone
10,560,7000,585,58,700,58.5,13.926581916869019,Collection Zone
10,560,7000,585,58,700,58.5,13.355234966433366,Collection Zone
1,56,14000,1170,1170,14000,1170,13.920434254696094,Collection Zone
1,56,14000,1170,1170,14000,1170,13.92757660167131,Collection Zone
1,56,14000,1170,1170,14000,1170,13.220484251124919,Collection Zone
1,56,14000,1170,1170,14000,1170,13.641882722662668,Collection Zone
1,56,14000,1170,1170,14000,1170,13.984715377473037,Collection Zone
1,56,14000,1170,1170,14000,1170,13.191914863224055,Collection Zone
1,56,14000,1170,1170,14000,1170,13.891864866795228,Collection Zone
1,56,14000,1170,1170,14000,1170,14.213270480679952,Collection Zone
1,56,14000,1170,1170,14000,1170,14.398971502035568,Collection Zone
1,56,14000,1170,1170,14000,1170,14.320405685308193,Collection Zone
1,56,14000,1170,1170,14000,1170,14.527533747589457,Collection Zone
1,56,14000,1170,1170,14000,1170,14.198985786729521,Collection Zone
1,56,14000,1170,1170,14000,1170,13.85615313191915,Collection Zone
1,56,14000,1170,1170,14000,1170,13.599028640811369,Collection Zone
1,56,14000,1170,1170,14000,1170,13.87043782586958,Collection Zone
2,112,14000,1170,585,7000,585,13.834726090993502,Collection Zone
2,112,14000,1170,585,7000,585,13.934718948646523,Collection Zone
2,112,14000,1170,585,7000,585,13.577601599885721,Collection Zone
2,112,14000,1170,585,7000,585,14.441825583886866,Collection Zone
2,112,14000,1170,585,7000,585,13.049067923719734,Collection Zone
2,112,14000,1170,585,7000,585,14.463252624812514,Collection Zone
2,112,14000,1170,585,7000,585,13.077637311620599,Collection Zone
2,112,14000,1170,585,7000,585,14.134704663952574,Collection Zone
2,112,14000,1170,585,7000,585,13.741875580315691,Collection Zone
2,112,14000,1170,585,7000,585,13.841868437968715,Collection Zone
2,112,14000,1170,585,7000,585,14.091850582101278,Collection Zone
2,112,14000,1170,585,7000,585,14.370402114134706,Collection Zone
2,112,14000,1170,585,7000,585,14.163274051853438,Collection Zone
2,112,14000,1170,585,7000,585,13.720448539390043,Collection Zone
2,112,14000,1170,585,7000,585,13.827583744018284,Collection Zone
3,168,14000,1170,390,4666.666666666667,390,12.984786800942791,Collection Zone
3,168,14000,1170,390,4666.666666666667,390,13.770444968216555,Collection Zone
3,168,14000,1170,390,4666.666666666667,390,13.327619455753162,Collection Zone
3,168,14000,1170,390,4666.666666666667,390,13.563316905935292,Collection Zone
3,168,14000,1170,390,4666.666666666667,390,14.091850582101278,Collection Zone
3,168,14000,1170,390,4666.666666666667,390,14.241839868580817,Collection Zone
3,168,14000,1170,390,4666.666666666667,390,13.456181701307049,Collection Zone
3,168,14000,1170,390,4666.666666666667,390,13.691879151489179,Collection Zone
3,168,14000,1170,390,4666.666666666667,390,14.027569459324335,Collection Zone
3,168,14000,1170,390,4666.666666666667,390,13.441897007356618,Collection Zone
3,168,14000,1170,390,4666.666666666667,390,13.006213841868439,Collection Zone
3,168,14000,1170,390,4666.666666666667,390,13.984715377473037,Collection Zone
3,168,14000,1170,390,4666.666666666667,390,13.877580172844798,Collection Zone
3,168,14000,1170,390,4666.666666666667,390,13.177630169273623,Collection Zone
3,168,14000,1170,390,4666.666666666667,390,13.434754660381401,Collection Zone
4,224,14000,1170,292,3500,292.5,14.248982215556033,Collection Zone
4,224,14000,1170,292,3500,292.5,13.363331190629241,Collection Zone
4,224,14000,1170,292,3500,292.5,13.127633740447111,Collection Zone
4,224,14000,1170,292,3500,292.5,13.806156703092636,Collection Zone
4,224,14000,1170,292,3500,292.5,13.770444968216555,Collection Zone
4,224,14000,1170,292,3500,292.5,13.72759088636526,Collection Zone
4,224,14000,1170,292,3500,292.5,13.72759088636526,Collection Zone
4,224,14000,1170,292,3500,292.5,14.206128133704734,Collection Zone
4,224,14000,1170,292,3500,292.5,14.056138847225197,Collection Zone
4,224,14000,1170,292,3500,292.5,13.27762302692665,Collection Zone
4,224,14000,1170,292,3500,292.5,14.37754446110992,Collection Zone
4,224,14000,1170,292,3500,292.5,14.013284765373902,Collection Zone
4,224,14000,1170,292,3500,292.5,13.99900007142347,Collection Zone
4,224,14000,1170,292,3500,292.5,13.6561674166131,Collection Zone
4,224,14000,1170,292,3500,292.5,13.770444968216555,Collection Zone
5,280,14000,1170,234,2800,234,14.320405685308193,Collection Zone
5,280,14000,1170,234,2800,234,13.699021498464395,Collection Zone
5,280,14000,1170,234,2800,234,13.541889865009644,Collection Zone
5,280,14000,1170,234,2800,234,13.391900578530105,Collection Zone
5,280,14000,1170,234,2800,234,13.913291907720875,Collection Zone
5,280,14000,1170,234,2800,234,13.134776087422326,Collection Zone
5,280,14000,1170,234,2800,234,13.534747518034425,Collection Zone
5,280,14000,1170,234,2800,234,13.79901435611742,Collection Zone
5,280,14000,1170,234,2800,234,13.141918434397542,Collection Zone
5,280,14000,1170,234,2800,234,13.070494964645382,Collection Zone
5,280,14000,1170,234,2800,234,13.699021498464395,Collection Zone
5,280,14000,1170,234,2800,234,14.098992929076495,Collection Zone
5,280,14000,1170,234,2800,234,14.784658238697235,Collection Zone
5,280,14000,1170,234,2800,234,13.956145989572175,Collection Zone
5,280,14000,1170,234,2800,234,12.849082208413684,Collection Zone
6,336,14000,1170,195,2333.3333333333335,195,13.406185272480537,Collection Zone
6,336,14000,1170,195,2333.3333333333335,195,14.441825583886866,Collection Zone
6,336,14000,1170,195,2333.3333333333335,195,14.398971502035568,Collection Zone
6,336,14000,1170,195,2333.3333333333335,195,13.577601599885721,Collection Zone
6,336,14000,1170,195,2333.3333333333335,195,13.527605171059209,Collection Zone
6,336,14000,1170,195,2333.3333333333335,195,13.58474394686094,Collection Zone
6,336,14000,1170,195,2333.3333333333335,195,13.58474394686094,Collection Zone
6,336,14000,1170,195,2333.3333333333335,195,13.76330262124134,Collection Zone
6,336,14000,1170,195,2333.3333333333335,195,13.463324048282265,Collection Zone
6,336,14000,1170,195,2333.3333333333335,195,14.03471180629955,Collection Zone
6,336,14000,1170,195,2333.3333333333335,195,13.606170987786587,Collection Zone
6,336,14000,1170,195,2333.3333333333335,195,13.977573030497823,Collection Zone
6,336,14000,1170,195,2333.3333333333335,195,14.663238340118562,Collection Zone
6,336,14000,1170,195,2333.3333333333335,195,14.006142418398687,Collection Zone
6,336,14000,1170,195,2333.3333333333335,195,14.14184701092779,Collection Zone
7,392,14000,1170,167,2000,167.14285714285714,13.934718948646523,Collection Zone
7,392,14000,1170,167,2000,167.14285714285714,13.141918434397542,Collection Zone
7,392,14000,1170,167,2000,167.14285714285714,14.006142418398687,Collection Zone
7,392,14000,1170,167,2000,167.14285714285714,14.241839868580817,Collection Zone
7,392,14000,1170,167,2000,167.14285714285714,13.906149560745662,Collection Zone
7,392,14000,1170,167,2000,167.14285714285714,13.049067923719734,Collection Zone
7,392,14000,1170,167,2000,167.14285714285714,14.52039140061424,Collection Zone
7,392,14000,1170,167,2000,167.14285714285714,13.934718948646523,Collection Zone
7,392,14000,1170,167,2000,167.14285714285714,13.720448539390043,Collection Zone
7,392,14000,1170,167,2000,167.14285714285714,13.20619955717449,Collection Zone
7,392,14000,1170,167,2000,167.14285714285714,13.484751089207913,Collection Zone
7,392,14000,1170,167,2000,167.14285714285714,14.277551603456896,Collection Zone
7,392,14000,1170,167,2000,167.14285714285714,12.291979144346833,Collection Zone
7,392,14000,1170,167,2000,167.14285714285714,13.58474394686094,Collection Zone
7,392,14000,1170,167,2000,167.14285714285714,13.591886293836156,Collection Zone
8,448,14000,1170,146,1750,146.25,13.399042925505322,Collection Zone
8,448,14000,1170,146,1750,146.25,13.884722519820015,Collection Zone
8,448,14000,1170,146,1750,146.25,14.463252624812514,Collection Zone
8,448,14000,1170,146,1750,146.25,13.356188843654024,Collection Zone
8,448,14000,1170,146,1750,146.25,15.113206199557174,Collection Zone
8,448,14000,1170,146,1750,146.25,13.356188843654024,Collection Zone
8,448,14000,1170,146,1750,146.25,13.27762302692665,Collection Zone
8,448,14000,1170,146,1750,146.25,13.991857724448254,Collection Zone
8,448,14000,1170,146,1750,146.25,13.263338332976215,Collection Zone
8,448,14000,1170,146,1750,146.25,13.634740375687452,Collection Zone
8,448,14000,1170,146,1750,146.25,12.649096493107633,Collection Zone
8,448,14000,1170,146,1750,146.25,13.684736804513964,Collection Zone
8,448,14000,1170,146,1750,146.25,13.706163845439612,Collection Zone
8,448,14000,1170,146,1750,146.25,13.363331190629241,Collection Zone
8,448,14000,1170,146,1750,146.25,13.806156703092636,Collection Zone
9,504,14000,1170,130,1555.5555555555557,130,13.506178130133561,Collection Zone
9,504,14000,1170,130,1555.5555555555557,130,13.741875580315691,Collection Zone
9,504,14000,1170,130,1555.5555555555557,130,13.313334761802729,Collection Zone
9,504,14000,1170,130,1555.5555555555557,130,13.484751089207913,Collection Zone
9,504,14000,1170,130,1555.5555555555557,130,13.406185272480537,Collection Zone
9,504,14000,1170,130,1555.5555555555557,130,14.027569459324335,Collection Zone
9,504,14000,1170,130,1555.5555555555557,130,13.877580172844798,Collection Zone
9,504,14000,1170,130,1555.5555555555557,130,13.79901435611742,Collection Zone
9,504,14000,1170,130,1555.5555555555557,130,13.741875580315691,Collection Zone
9,504,14000,1170,130,1555.5555555555557,130,13.199057210199271,Collection Zone
9,504,14000,1170,130,1555.5555555555557,130,14.07042354117563,Collection Zone
9,504,14000,1170,130,1555.5555555555557,130,13.399042925505322,Collection Zone
9,504,14000,1170,130,1555.5555555555557,130,14.2346975216056,Collection Zone
9,504,14000,1170,130,1555.5555555555557,130,14.206128133704734,Collection Zone
9,504,14000,1170,130,1555.5555555555557,130,13.806156703092636,Collection Zone
10,560,14000,1170,117,1400,117,13.09192200557103,Collection Zone
10,560,14000,1170,117,1400,117,13.334761802728377,Collection Zone
10,560,14000,1170,117,1400,117,13.96328833654739,Collection Zone
10,560,14000,1170,117,1400,117,13.29190772087708,Collection Zone
10,560,14000,1170,117,1400,117,13.09192200557103,Collection Zone
10,560,14000,1170,117,1400,117,14.134704663952574,Collection Zone
10,560,14000,1170,117,1400,117,13.484751089207913,Collection Zone
10,560,14000,1170,117,1400,117,13.556174558960073,Collection Zone
10,560,14000,1170,117,1400,117,14.613241911292048,Collection Zone
10,560,14000,1170,117,1400,117,13.920434254696094,Collection Zone
10,560,14000,1170,117,1400,117,13.006213841868439,Collection Zone
10,560,14000,1170,117,1400,117,13.58474394686094,Collection Zone
10,560,14000,1170,117,1400,117,13.23476894507535,Collection Zone
10,560,14000,1170,117,1400,117,13.099064352546247,Collection Zone
10,560,14000,1170,117,1400,117,13.770444968216555,Collection Zone
1,56,21000,1755,1755,21000,1755,14.056473501261845,Collection Zone
1,56,21000,1755,1755,21000,1755,13.951716584924528,Collection Zone
1,56,21000,1755,1755,21000,1755,13.727917718203894,Collection Zone
1,56,21000,1755,1755,21000,1755,14.223132231798486,Collection Zone
1,56,21000,1755,1755,21000,1755,14.289795724013143,Collection Zone
1,56,21000,1755,1755,21000,1755,13.261273272701299,Collection Zone
1,56,21000,1755,1755,21000,1755,13.775534498357219,Collection Zone
1,56,21000,1755,1755,21000,1755,14.404075996381124,Collection Zone
1,56,21000,1755,1755,21000,1755,13.713632684157897,Collection Zone
1,56,21000,1755,1755,21000,1755,13.670777582019905,Collection Zone
1,56,21000,1755,1755,21000,1755,14.308842436074473,Collection Zone
1,56,21000,1755,1755,21000,1755,14.094566925384505,Collection Zone
1,56,21000,1755,1755,21000,1755,14.185038807675825,Collection Zone
1,56,21000,1755,1755,21000,1755,13.66125422598924,Collection Zone
1,56,21000,1755,1755,21000,1755,14.056473501261845,Collection Zone
2,112,21000,1755,877,10500,877.5,13.86600638064854,Collection Zone
2,112,21000,1755,877,10500,877.5,13.561258987667255,Collection Zone
2,112,21000,1755,877,10500,877.5,13.980286653016524,Collection Zone
2,112,21000,1755,877,10500,877.5,13.475548783391266,Collection Zone
2,112,21000,1755,877,10500,877.5,13.923146516832533,Collection Zone
2,112,21000,1755,877,10500,877.5,14.123136993476502,Collection Zone
2,112,21000,1755,877,10500,877.5,13.713632684157897,Collection Zone
2,112,21000,1755,877,10500,877.5,14.108851959430504,Collection Zone
2,112,21000,1755,877,10500,877.5,14.294557402028474,Collection Zone
2,112,21000,1755,877,10500,877.5,13.77077282034189,Collection Zone
2,112,21000,1755,877,10500,877.5,14.051711823246512,Collection Zone
2,112,21000,1755,877,10500,877.5,14.337412504166469,Collection Zone
2,112,21000,1755,877,10500,877.5,14.042188467215846,Collection Zone
2,112,21000,1755,877,10500,877.5,14.399314318365791,Collection Zone
2,112,21000,1755,877,10500,877.5,13.642207513927909,Collection Zone
3,168,21000,1755,585,7000,585,13.523165563544593,Collection Zone
3,168,21000,1755,585,7000,585,13.818389600495214,Collection Zone
3,168,21000,1755,585,7000,585,14.675491643255084,Collection Zone
3,168,21000,1755,585,7000,585,13.794581210418553,Collection Zone
3,168,21000,1755,585,7000,585,13.494595495452597,Collection Zone
3,168,21000,1755,585,7000,585,13.932669872863196,Collection Zone
3,168,21000,1755,585,7000,585,13.723156040188563,Collection Zone
3,168,21000,1755,585,7000,585,14.118375315461169,Collection Zone
3,168,21000,1755,585,7000,585,14.313604114089806,Collection Zone
3,168,21000,1755,585,7000,585,14.127898671491835,Collection Zone
3,168,21000,1755,585,7000,585,14.318365792105137,Collection Zone
3,168,21000,1755,585,7000,585,12.956525879720013,Collection Zone
3,168,21000,1755,585,7000,585,14.599304795009763,Collection Zone
3,168,21000,1755,585,7000,585,13.366030189038616,Collection Zone
3,168,21000,1755,585,7000,585,14.713585067377743,Collection Zone
4,224,21000,1755,438,5250,438.75,13.670777582019905,Collection Zone
4,224,21000,1755,438,5250,438.75,14.470739488595783,Collection Zone
4,224,21000,1755,438,5250,438.75,14.17551545164516,Collection Zone
4,224,21000,1755,438,5250,438.75,14.480262844626445,Collection Zone
4,224,21000,1755,438,5250,438.75,13.927908194847866,Collection Zone
4,224,21000,1755,438,5250,438.75,13.856483024617875,Collection Zone
4,224,21000,1755,438,5250,438.75,13.60887576782058,Collection Zone
4,224,21000,1755,438,5250,438.75,13.51840388552926,Collection Zone
4,224,21000,1755,438,5250,438.75,13.818389600495214,Collection Zone
4,224,21000,1755,438,5250,438.75,13.285081662777962,Collection Zone
4,224,21000,1755,438,5250,438.75,14.070758535307842,Collection Zone
4,224,21000,1755,438,5250,438.75,14.361220894243132,Collection Zone
4,224,21000,1755,438,5250,438.75,14.204085519737156,Collection Zone
4,224,21000,1755,438,5250,438.75,13.566020665682588,Collection Zone
4,224,21000,1755,438,5250,438.75,13.837436312556544,Collection Zone
5,280,21000,1755,351,4200,351,13.656492547973906,Collection Zone
5,280,21000,1755,351,4200,351,14.018380077139184,Collection Zone
5,280,21000,1755,351,4200,351,13.742202752249893,Collection Zone
5,280,21000,1755,351,4200,351,13.385076901099948,Collection Zone
5,280,21000,1755,351,4200,351,13.851721346602544,Collection Zone
5,280,21000,1755,351,4200,351,13.75648778629589,Collection Zone
5,280,21000,1755,351,4200,351,14.137422027522497,Collection Zone
5,280,21000,1755,351,4200,351,13.823151278510547,Collection Zone
5,280,21000,1755,351,4200,351,13.966001618970525,Collection Zone
5,280,21000,1755,351,4200,351,12.975572591781342,Collection Zone
5,280,21000,1755,351,4200,351,13.64696919194324,Collection Zone
5,280,21000,1755,351,4200,351,14.042188467215846,Collection Zone
5,280,21000,1755,351,4200,351,14.423122708442454,Collection Zone
5,280,21000,1755,351,4200,351,14.437407742488453,Collection Zone
5,280,21000,1755,351,4200,351,14.913575544021713,Collection Zone
6,336,21000,1755,292,3500,292.5,13.851721346602544,Collection Zone
6,336,21000,1755,292,3500,292.5,13.599352411789914,Collection Zone
6,336,21000,1755,292,3500,292.5,13.64696919194324,Collection Zone
6,336,21000,1755,292,3500,292.5,13.642207513927909,Collection Zone
6,336,21000,1755,292,3500,292.5,13.527927241559926,Collection Zone
6,336,21000,1755,292,3500,292.5,14.575496404933098,Collection Zone
6,336,21000,1755,292,3500,292.5,14.618351507071093,Collection Zone
6,336,21000,1755,292,3500,292.5,13.989810009047188,Collection Zone
6,336,21000,1755,292,3500,292.5,13.637445835912576,Collection Zone
6,336,21000,1755,292,3500,292.5,13.785057854387887,Collection Zone
6,336,21000,1755,292,3500,292.5,13.670777582019905,Collection Zone
6,336,21000,1755,292,3500,292.5,13.423170325222609,Collection Zone
6,336,21000,1755,292,3500,292.5,13.313651730869957,Collection Zone
6,336,21000,1755,292,3500,292.5,13.827912956525878,Collection Zone
6,336,21000,1755,292,3500,292.5,13.351745154992619,Collection Zone
7,392,21000,1755,250,3000,250.71428571428572,13.66125422598924,Collection Zone
7,392,21000,1755,250,3000,250.71428571428572,13.842197990571877,Collection Zone
7,392,21000,1755,250,3000,250.71428571428572,14.265987333936478,Collection Zone
7,392,21000,1755,250,3000,250.71428571428572,14.389790962335129,Collection Zone
7,392,21000,1755,250,3000,250.71428571428572,13.78981953240322,Collection Zone
7,392,21000,1755,250,3000,250.71428571428572,12.95176420170468,Collection Zone
7,392,21000,1755,250,3000,250.71428571428572,13.994571687062521,Collection Zone
7,392,21000,1755,250,3000,250.71428571428572,14.46597781058045,Collection Zone
7,392,21000,1755,250,3000,250.71428571428572,13.751726108280558,Collection Zone
7,392,21000,1755,250,3000,250.71428571428572,13.64696919194324,Collection Zone
7,392,21000,1755,250,3000,250.71428571428572,13.313651730869957,Collection Zone
7,392,21000,1755,250,3000,250.71428571428572,13.980286653016524,Collection Zone
7,392,21000,1755,250,3000,250.71428571428572,13.4803104614066,Collection Zone
7,392,21000,1755,250,3000,250.71428571428572,12.999380981858009,Collection Zone
7,392,21000,1755,250,3000,250.71428571428572,13.851721346602544,Collection Zone
8,448,21000,1755,219,2625,219.375,13.861244702633208,Collection Zone
8,448,21000,1755,219,2625,219.375,13.351745154992619,Collection Zone
8,448,21000,1755,219,2625,219.375,13.870768058663874,Collection Zone
8,448,21000,1755,219,2625,219.375,13.837436312556544,Collection Zone
8,448,21000,1755,219,2625,219.375,13.966001618970525,Collection Zone
8,448,21000,1755,219,2625,219.375,13.346983476977286,Collection Zone
8,448,21000,1755,219,2625,219.375,14.01361839912385,Collection Zone
8,448,21000,1755,219,2625,219.375,13.485072139421932,Collection Zone
8,448,21000,1755,219,2625,219.375,12.88033903147469,Collection Zone
8,448,21000,1755,219,2625,219.375,14.275510689967144,Collection Zone
8,448,21000,1755,219,2625,219.375,14.01361839912385,Collection Zone
8,448,21000,1755,219,2625,219.375,13.585067377743917,Collection Zone
8,448,21000,1755,219,2625,219.375,13.818389600495214,Collection Zone
8,448,21000,1755,219,2625,219.375,13.946954906909195,Collection Zone
8,448,21000,1755,219,2625,219.375,14.123136993476502,Collection Zone
9,504,21000,1755,195,2333.3333333333335,195,13.84695966858721,Collection Zone
9,504,21000,1755,195,2333.3333333333335,195,13.708871006142564,Collection Zone
9,504,21000,1755,195,2333.3333333333335,195,13.55173563163659,Collection Zone
9,504,21000,1755,195,2333.3333333333335,195,14.018380077139184,Collection Zone
9,504,21000,1755,195,2333.3333333333335,195,13.556497309651922,Collection Zone
9,504,21000,1755,195,2333.3333333333335,195,13.746964430265226,Collection Zone
9,504,21000,1755,195,2333.3333333333335,195,13.842197990571877,Collection Zone
9,504,21000,1755,195,2333.3333333333335,195,13.889814770725204,Collection Zone
9,504,21000,1755,195,2333.3333333333335,195,13.766011142326557,Collection Zone
9,504,21000,1755,195,2333.3333333333335,195,13.71839436217323,Collection Zone
9,504,21000,1755,195,2333.3333333333335,195,13.408885291176611,Collection Zone
9,504,21000,1755,195,2333.3333333333335,195,13.566020665682588,Collection Zone
9,504,21000,1755,195,2333.3333333333335,195,13.237464882624636,Collection Zone
9,504,21000,1755,195,2333.3333333333335,195,13.9183848388172,Collection Zone
9,504,21000,1755,195,2333.3333333333335,195,14.299319080043807,Collection Zone
10,560,21000,1755,175,2100,175.5,13.689824294081236,Collection Zone
10,560,21000,1755,175,2100,175.5,13.73744107423456,Collection Zone
10,560,21000,1755,175,2100,175.5,13.07556783010333,Collection Zone
10,560,21000,1755,175,2100,175.5,13.17080139040998,Collection Zone
10,560,21000,1755,175,2100,175.5,13.599352411789914,Collection Zone
10,560,21000,1755,175,2100,175.5,12.927955811628017,Collection Zone
10,560,21000,1755,175,2100,175.5,13.437455359268608,Collection Zone
10,560,21000,1755,175,2100,175.5,14.551688014856435,Collection Zone
10,560,21000,1755,175,2100,175.5,14.570734726917767,Collection Zone
10,560,21000,1755,175,2100,175.5,14.06599685729251,Collection Zone
10,560,21000,1755,175,2100,175.5,13.751726108280558,Collection Zone
10,560,21000,1755,175,2100,175.5,13.837436312556544,Collection Zone
10,560,21000,1755,175,2100,175.5,14.075520213323175,Collection Zone
10,560,21000,1755,175,2100,175.5,14.01361839912385,Collection Zone
10,560,21000,1755,175,2100,175.5,13.727917718203894,Collection Zone
